name,careers_url,http_status
AQR Capital Management,https://www.aqr.com/Our-Firm/Careers,200
AXA Investment Managers,https://www.bnpparibas-am.com/en/why-join-us/,200
Akuna Capital,https://akunacapital.com/work-with-us/,200
Amundi,https://about.amundi.com/join-us,200
Apollo Global Management,https://www.apollo.com/careers,200
Aspect Capital,https://www.aspectcapital.com/careers/,200
BNP Paribas,https://group.bnpparibas/en/careers,403
BNP Paribas Asset Management,https://www.bnpparibas-am.com/en/why-join-us/,200
Balyasny Asset Management,https://www.bamfunds.com/careers,200
Bank of America,https://careers.bankofamerica.com/,200
Barclays,https://home.barclays/careers/,200
BlackRock,https://careers.blackrock.com/,200
Blackstone,https://www.blackstone.com/careers/careers-blackstone/,200
Brevan Howard,https://brevanhoward.com/careers/,200
Bridgewater Associates,https://www.bridgewater.com/working-at-bridgewater,200
CFM,https://www.cfm.com/join-us-cfm-careers/,200
Capula Investment Management,https://capula.com/careers,200
Carmignac,https://www.carmignac.com/en/about-us/careers,200
Citadel,https://www.citadel.com/careers/,403
Citadel Securities,https://www.citadelsecurities.com/careers/,403
Citigroup,https://www.citi.com/careers,200
Credit Agricole CIB,https://www.ca-cib.com/en/careers,200
D. E. Shaw and Co,https://www.deshaw.com/careers,200
DRW,https://drw.com/careers,200
Davidson Kempner,https://www.davidsonkempner.com/careers,200
Deutsche Bank,https://careers.db.com/,200
ExodusPoint Capital Management,https://job-boards.greenhouse.io/exoduspoint,200
Flow Traders,https://flowtraders.com/careers/,200
G-Research,https://www.gresearch.com/students-graduates/graduates/,200
Glencore,https://www.glencore.com/en/careers,200
Goldman Sachs,https://www.goldmansachs.com/careers,200
HSBC,https://www.hsbc.com/careers,200
Hudson Bay Capital Management,https://www.hudsonbaycapital.com/careers,200
Hudson River Trading,https://www.hudsonrivertrading.com/student-opportunities/,200
IMC Trading,https://www.imc.com/eu/search-careers,200
ING,https://ing.com/careers,200
J.P. Morgan,https://careers.jpmorgan.com/,200
Jain Global,https://www.jainglobal.com/careers,200
Jane Street,https://www.janestreet.com/join-jane-street/,200
Jefferies,https://www.jefferies.com/careers/,200
Jump Trading,https://www.jumptrading.com/hr/overview,200
Lansdowne Partners,https://www.lansdownepartners.com/careers/,200
Macquarie Group,https://www.macquarie.com/uk/en/careers.html,200
Man Group,https://www.man.com/careers,200
Marshall Wace,https://www.mwam.com/join-us/,200
Maven Securities,https://www.mavensecurities.com/jobs/,200
Mercuria Energy Group,https://mercuria.com/careers/,200
Millennium Management,https://www.mlp.com/careers/,200
Morgan Stanley,https://www.morganstanley.com/careers/career-opportunities-search,200
Natixis,https://www.natixis.com/careers,200
Nomura,https://www.nomura.com/careers/,200
Oddo BHF,https://www.oddo-bhf.com/careers/,200
Optiver,https://www.optiver.com/working-at-optiver/career-opportunities/,200
PDT Partners,https://pdtpartners.com/careers,200
PIMCO,https://www.pimco.com/gbl/en/about-us/careers,200
Point72 Asset Management,https://point72.com/working-here/,200
Qube Research and Technologies,https://www.qube-rt.com/careers/,403
RBC Capital Markets,https://www.rbccm.com/careers/,200
Renaissance Technologies,https://www.rentec.com/Careers.action,200
Rokos Capital Management,https://www.rokoscapital.com/careers,200
Rothschild and Co,https://www.rothschildandco.com/en-gb/careers/,200
Schonfeld Strategic Advisors,https://www.schonfeld.com/careers/,200
Schroders,https://www.schroders.com/en/global/individual/careers/,200
Sculptor Capital Management,https://www.sculptor.com/careers,200
Shell,https://www.shell.com/careers,200
Societe Generale,https://careers.societegenerale.com/,200
Standard Chartered,https://www.sc.com/en/global-careers/,200
Susquehanna International Group,https://sig.com/careers/,200
Systematica Investments,https://systematica.com/about-us/careers,200
Tobam,https://www.tobam.fr/careers/,200
TotalEnergies,https://totalenergies.com/careers,200
Tower Research Capital,https://tower-research.com/careers/,200
Trafigura,https://www.trafigura.com/careers/,200
Tudor Investment Corporation,https://www.tudor.com/careers/,200
Two Sigma,https://www.twosigma.com/careers/,200
UBS,https://www.ubs.com/global/en/careers.html,403
Virtu Financial,https://www.virtu.com/careers/,200
Vitol,https://www.vitol.com/careers/,200
Voleon Group,https://voleon.com/jobs/,200
Walleye Capital,https://walleyecapital.com/careers,200
Winton Group,https://www.winton.com/working-at-winton,200
WorldQuant,https://www.worldquant.com/careers/,200
XTX Markets,https://www.xtxmarkets.com/careers/,200
