alias,company_name
GS,Goldman Sachs
Goldman Sachs International,Goldman Sachs
Goldman Sachs Asset Management,Goldman Sachs Asset Management
JPM,J.P. Morgan
JPMorgan,J.P. Morgan
JP Morgan,J.P. Morgan
J.P. Morgan Chase,J.P. Morgan
MS,Morgan Stanley
Morgan Stanley and Co,Morgan Stanley
Morgan Stanley and Co International,Morgan Stanley
BofA,Bank of America
Bank of America Merrill Lynch,Bank of America
Merrill Lynch,Bank of America
Citi,Citigroup
Citibank,Citigroup
Citigroup Global Markets,Citigroup
BNP,BNP Paribas
BNPP,BNP Paribas
BNP Paribas CIB,BNP Paribas
BNP Paribas Corporate and Institutional Banking,BNP Paribas
BNPP AM,BNP Paribas Asset Management
BNP Paribas AM,BNP Paribas Asset Management
SG,Societe Generale
Societe Generale CIB,Societe Generale
SGCIB,Societe Generale
Societe Generale Corporate and Investment Banking,Societe Generale
Societe Generale Global Markets,Societe Generale
CACIB,Credit Agricole CIB
CA-CIB,Credit Agricole CIB
Credit Agricole,Credit Agricole CIB
Credit Agricole Corporate and Investment Bank,Credit Agricole CIB
Credit Agricole CIB London,Credit Agricole CIB
DB,Deutsche Bank
Deutsche Bank AG,Deutsche Bank
Deutsche Bank London,Deutsche Bank
UBS AG,UBS
UBS Investment Bank,UBS
Credit Suisse,UBS
CS,Citadel Securities
Barclays Capital,Barclays
Barclays Investment Bank,Barclays
Barclays Global Markets,Barclays
BarCap,Barclays
HSBC Global Markets,HSBC
HSBC Global Banking and Markets,HSBC
Natixis CIB,Natixis
Natixis Corporate and Investment Banking,Natixis
Natixis IM,Natixis Investment Managers
QRT,Qube Research and Technologies
Qube RT,Qube Research and Technologies
Qube Research,Qube Research and Technologies
CFM,CFM
Capital Fund Management,CFM
Millennium,Millennium Management
Millennium International,Millennium Management
MLP,Millennium Management
Point72,Point72 Asset Management
Point72 Asset Management LP,Point72 Asset Management
Citadel LLC,Citadel
Jane Street Capital,Jane Street
Jane Street Europe,Jane Street
HRT,Hudson River Trading
SIG,Susquehanna International Group
Susquehanna,Susquehanna International Group
DRW Holdings,DRW
Cumberland DRW,Cumberland
Optiver Holding,Optiver
Optiver UK,Optiver
IMC,IMC Trading
IMC Financial Markets,IMC Trading
IMC Financial Markets BV,IMC Trading
Flow Traders BV,Flow Traders
XTX,XTX Markets
Tower Research,Tower Research Capital
Man AHL,Man Group
AHL,Man Group
Man Group plc,Man Group
GLG,Man Group
Brevan Howard Asset Management,Brevan Howard
Marshall Wace LLP,Marshall Wace
Squarepoint,Squarepoint Capital
Squarepoint Capital LLP,Squarepoint Capital
Walleye,Walleye Capital
BAM,Balyasny Asset Management
Balyasny,Balyasny Asset Management
Schonfeld,Schonfeld Strategic Advisors
Schonfeld Advisors,Schonfeld Strategic Advisors
Verition,Verition Fund Management
Voleon,Voleon Group
The Voleon Group,Voleon Group
AQR,AQR Capital Management
DE Shaw,D. E. Shaw and Co
D.E. Shaw,D. E. Shaw and Co
D. E. Shaw and Co LP,D. E. Shaw and Co
Two Sigma Investments,Two Sigma
Bridgewater,Bridgewater Associates
Rokos,Rokos Capital Management
Eisler,Eisler Capital
Capula,Capula Investment Management
Systematica,Systematica Investments
Aspect,Aspect Capital
GSA,GSA Capital
G Research,G-Research
Hudson River Trading LLC,Hudson River Trading
Jump Crypto Holdings,Jump Crypto
Wintermute Trading,Wintermute
Maven,Maven Securities
Tibra,Tibra Capital
Virtu,Virtu Financial
Akuna,Akuna Capital
Five Rings,Five Rings Capital
Radix,Radix Trading
XR,XR Trading
Trillium,Trillium Trading
HAP,HAP Trading
Quantbot,Quantbot Technologies
Ansatz,Ansatz Capital
WorldQuant LLC,WorldQuant
AXA IM,AXA Investment Managers
AXA IM Alts,AXA Investment Managers
Amundi Asset Management,Amundi
Amundi AM,Amundi
Carmignac Gestion,Carmignac
Syquant,Syquant Capital
Varenne,Varenne Capital
BDL,BDL Capital Management
Oddo,Oddo BHF
Oddo BHF AM,Oddo BHF Asset Management
Rothschild,Rothschild and Co
Rothschild and Cie,Rothschild and Co
Ostrum,Ostrum Asset Management
Tikehau,Tikehau Capital
Theam,Theam
Tobam,Tobam
Ossiam,Ossiam
Vontobel Financial Products,Vontobel Financial Products
Leonteq Securities,Leonteq
